키,몸무게,총장,어깨너비,가슴단면
153,54,26.5,44.6,43.2
153,61,30.0,51.5,46.0
154,66,28.5,56.3,48.2
155,40,35.0,38.5,25.0
155,41,36.0,37.1,25.0
155,42,35.9,37.2,25.4
155,43,36.6,36.9,25.5
155,44,36.6,37.6,26.0
155,45,35.9,38.5,27.5
155,46,37.6,38.0,26.5
155,47,37.7,37.7,26.8
155,48,37.0,38.3,26.7
155,49,38.1,38.2,26.7
155,50,37.2,38.2,27.3
155,51,37.8,38.7,27.4
155,52,37.9,38.2,27.8
155,53,38.1,39.4,28.2
155,54,37.9,38.9,28.5
155,55,38.2,39.2,28.3
155,56,39.1,39.4,28.1
155,57,38.6,39.5,28.6
155,58,38.3,39.0,29.1
155,59,39.4,39.0,29.2
155,60,38.7,38.7,28.6
155,61,39.9,39.6,29.7
155,62,39.9,39.9,29.8
155,63,39.1,40.1,29.7
155,64,39.4,40.2,29.7
155,65,40.9,39.3,31.4
155,66,40.9,39.9,31.9
155,67,39.2,41.0,32.8
155,68,40.5,40.9,31.0
155,69,41.1,40.9,32.9
155,70,39.9,41.2,31.9
155,71,39.9,43.0,34.9
155,72,39.1,39.8,32.0
155,73,38.6,44.1,30.7
155,74,40.0,38.6,35.6
155,75,45.3,45.5,34.8
155,76,41.8,40.7,29.8
155,78,42.0,42.0,32.0
155,79,40.2,41.7,31.2
155,82,40.7,43.2,32.0
155,84,43.2,45.0,33.5
155,87,43.7,41.6,31.4
155,88,42.6,44.6,32.0
156,40,35.7,36.3,25.0
156,41,36.7,37.4,24.8
156,42,36.2,37.9,25.7
156,43,36.9,37.6,25.9
156,44,38.1,38.9,26.7
156,45,36.4,37.7,26.2
156,46,38.0,37.3,27.0
156,47,37.0,38.2,26.5
156,48,37.9,38.3,26.8
156,49,37.8,38.6,27.1
156,50,38.0,38.2,27.6
156,51,37.7,38.3,27.6
156,52,38.3,38.5,27.8
156,53,38.6,38.9,28.1
156,54,38.4,38.7,27.7
156,55,39.0,38.9,28.5
156,56,38.4,39.1,28.6
156,57,39.4,39.8,28.9
156,58,39.4,39.1,29.1
156,59,39.5,40.1,28.7
156,60,39.8,38.9,28.9
156,61,39.9,40.1,29.0
156,62,39.1,39.9,30.2
156,63,40.0,40.4,29.3
156,64,39.7,41.5,29.8
156,65,40.5,40.4,29.7
156,66,38.8,40.9,29.5
156,67,37.1,40.3,29.6
156,68,40.7,40.1,30.4
156,69,41.3,40.3,31.7
156,70,39.4,39.8,29.8
156,71,40.5,39.8,30.0
156,72,39.1,40.5,28.8
156,73,41.1,40.6,29.8
156,74,39.7,39.9,31.0
156,75,39.5,42.4,30.2
156,76,41.0,42.1,29.0
156,77,39.5,42.4,31.9
156,79,40.7,40.8,36.2
156,81,38.9,40.2,30.6
156,90,43.5,40.0,38.8
156,94,40.1,40.6,32.7
157,40,35.1,37.7,24.1
157,41,38.0,37.7,25.2
157,42,36.6,37.0,25.4
157,43,37.0,37.1,25.5
157,44,36.7,37.4,25.3
157,45,37.4,37.8,25.9
157,46,37.4,38.5,25.9
157,47,37.7,38.3,26.6
157,48,37.4,37.9,26.5
157,49,38.2,38.1,26.7
157,50,37.4,38.9,27.1
157,51,38.0,39.0,27.1
157,52,37.9,38.4,27.1
157,53,38.6,38.8,27.9
157,54,38.5,38.8,27.7
157,55,39.1,38.9,28.4
157,56,38.6,39.6,28.8
157,57,39.1,39.9,29.7
157,58,39.5,40.1,28.6
157,59,40.0,39.2,29.1
157,60,40.2,39.4,29.4
157,61,39.7,40.0,29.1
157,62,39.0,40.1,30.1
157,63,40.1,40.1,30.0
157,64,39.4,40.5,30.0
157,65,40.0,40.1,29.9
157,66,39.3,40.7,30.8
157,67,39.8,40.8,30.5
157,68,39.7,40.4,30.1
157,69,39.1,40.9,30.3
157,70,42.6,40.9,32.8
157,71,41.7,41.9,32.7
157,72,43.0,40.4,33.0
157,73,39.3,41.2,33.3
157,74,40.3,41.9,31.7
157,76,40.0,44.3,31.8
157,77,40.3,43.2,31.3
157,78,42.2,38.1,36.6
157,80,39.6,43.0,31.3
157,81,43.9,40.6,29.7
157,84,40.6,41.0,34.1
157,85,41.0,44.5,35.5
158,40,37.4,38.6,26.0
158,41,36.3,37.9,24.8
158,42,36.6,36.8,25.4
158,43,38.4,37.6,26.1
158,44,37.3,37.3,26.0
158,45,37.7,37.9,26.1
158,46,37.9,38.3,26.8
158,47,38.2,38.7,26.5
158,48,37.5,38.8,27.1
158,49,37.1,39.6,28.5
158,50,37.2,38.9,27.5
158,51,37.8,39.3,28.1
158,52,38.7,39.1,27.6
158,53,38.7,39.4,27.6
158,54,38.7,39.5,27.8
158,55,38.6,39.1,28.2
158,56,39.0,40.1,28.4
158,57,39.5,39.6,29.2
158,58,39.3,39.3,28.3
158,59,39.8,39.8,29.1
158,60,40.1,40.5,30.1
158,61,39.9,40.7,29.1
158,62,39.7,39.8,29.4
158,63,40.0,40.1,30.4
158,64,39.5,40.6,30.1
158,65,40.5,40.1,30.1
158,66,39.7,40.3,31.1
158,67,39.4,40.5,29.9
158,68,40.1,41.2,30.8
158,69,40.2,40.1,30.7
158,70,42.2,40.2,32.2
158,71,41.7,41.4,31.3
158,72,40.8,41.3,29.9
158,73,39.8,41.0,30.3
158,74,39.1,40.9,31.5
158,75,41.7,41.3,32.3
158,76,37.1,43.4,37.9
158,77,41.3,41.8,30.7
158,78,40.4,45.1,31.0
158,79,41.0,41.3,31.9
158,80,44.6,40.0,30.5
158,81,38.7,42.7,31.8
158,82,42.7,41.4,31.5
158,84,41.8,40.6,31.0
158,85,41.7,44.2,31.6
158,87,44.1,40.2,33.2
158,88,42.5,44.1,32.1
158,94,45.2,43.2,35.6
158,97,42.5,34.0,35.8
159,40,36.0,38.6,24.6
159,41,36.7,35.7,25.4
159,42,37.3,38.1,25.6
159,43,38.0,38.3,25.6
159,44,37.4,38.0,26.2
159,45,38.3,38.0,25.9
159,46,38.2,38.4,26.3
159,47,38.3,38.9,26.8
159,48,37.4,39.7,28.4
159,49,38.0,39.9,27.1
159,50,38.5,39.2,27.5
159,51,38.9,39.1,26.9
159,52,38.0,39.4,28.0
159,53,38.7,39.3,28.1
159,54,38.9,39.3,27.9
159,55,38.3,39.2,28.5
159,56,38.5,39.2,28.1
159,57,39.6,40.1,29.4
159,58,39.1,39.7,29.5
159,59,39.3,39.5,28.6
159,60,38.9,40.7,30.2
159,61,39.5,39.9,28.9
159,62,38.1,42.1,31.9
159,63,40.0,40.0,29.5
159,64,40.6,41.6,31.3
159,65,39.9,41.9,30.6
159,66,40.9,41.1,30.1
159,67,41.9,40.9,31.1
159,68,41.4,40.5,30.7
159,69,40.5,40.5,30.9
159,70,41.0,42.2,31.5
159,71,40.6,41.1,30.3
159,72,40.9,41.8,31.0
159,73,41.9,40.1,31.0
159,74,41.0,41.4,32.5
159,75,43.0,41.6,30.8
159,76,42.7,41.4,31.9
159,77,40.8,41.7,32.0
159,78,40.5,41.4,31.8
159,79,41.3,41.7,31.9
159,80,44.0,44.0,32.4
159,81,37.5,45.4,32.7
159,82,41.6,43.7,32.4
159,83,40.3,41.0,34.2
159,84,42.1,43.1,32.5
159,85,40.6,40.7,30.5
159,88,37.3,39.8,32.7
159,89,43.5,43.5,33.4
159,110,40.0,43.3,36.8
160,40,37.7,38.8,23.9
160,41,37.9,38.7,25.3
160,42,38.3,39.2,25.3
160,43,37.4,38.4,25.9
160,44,37.3,38.0,27.3
160,45,37.8,38.6,25.6
160,46,38.0,38.6,26.0
160,47,38.6,38.4,27.0
160,48,37.7,38.6,27.5
160,49,38.5,38.5,26.6
160,50,38.8,39.0,27.3
160,51,38.5,39.5,27.6
160,52,38.3,39.5,28.3
160,53,39.1,38.9,27.8
160,54,38.8,39.9,28.6
160,55,38.8,39.3,27.9
160,56,39.5,39.4,27.8
160,57,40.2,39.9,29.0
160,58,39.8,39.8,28.8
160,59,39.5,40.2,29.8
160,60,39.2,40.5,29.0
160,61,40.0,40.5,29.0
160,62,39.8,40.8,30.1
160,63,40.6,40.5,29.7
160,64,40.8,40.8,29.5
160,65,40.4,41.5,31.6
160,66,40.3,41.1,30.7
160,67,40.1,41.3,32.1
160,68,40.5,40.4,31.4
160,69,39.6,40.5,29.9
160,70,41.3,41.0,30.6
160,71,41.8,41.7,32.1
160,72,42.9,42.5,33.1
160,73,40.6,41.2,33.9
160,74,40.6,41.9,31.0
160,75,42.1,41.5,30.7
160,76,42.2,41.6,30.5
160,77,41.9,42.1,31.2
160,78,42.5,42.5,31.6
160,79,42.1,39.5,31.1
160,80,40.9,43.5,30.8
160,81,42.9,43.8,33.3
160,82,41.9,43.3,32.4
160,83,43.5,43.7,32.1
160,85,42.6,46.0,36.0
160,86,42.0,40.5,31.8
160,98,40.8,45.5,33.4
160,108,44.8,45.3,33.4
161,40,38.8,36.6,25.7
161,41,37.2,36.4,25.8
161,42,36.9,38.6,26.8
161,43,39.0,38.6,25.7
161,44,37.9,39.2,26.1
161,45,38.4,37.9,26.2
161,46,38.7,38.3,26.5
161,47,39.4,38.4,26.7
161,48,39.1,39.1,27.2
161,49,38.9,38.8,27.0
161,50,38.5,38.7,27.2
161,51,38.3,39.1,28.7
161,52,38.4,39.4,28.2
161,53,38.6,39.6,28.7
161,54,39.5,39.1,28.2
161,55,39.4,39.9,28.7
161,56,40.2,40.0,28.6
161,57,39.5,39.6,28.3
161,58,39.8,39.5,28.3
161,59,38.9,40.7,30.3
161,60,39.9,40.4,29.2
161,61,40.0,40.5,30.7
161,62,40.8,40.5,29.7
161,63,40.4,40.4,30.0
161,64,40.7,40.7,30.0
161,65,40.7,42.0,32.0
161,66,39.5,41.6,31.6
161,67,40.8,41.2,30.4
161,68,40.5,40.9,31.0
161,69,41.7,41.4,31.3
161,70,40.6,42.0,30.8
161,71,40.5,41.2,30.8
161,72,42.4,40.8,31.1
161,73,43.1,42.2,32.0
161,74,41.8,44.3,32.5
161,75,42.8,41.7,30.7
161,76,39.8,41.8,31.6
161,77,43.3,42.7,35.1
161,78,41.1,41.7,31.9
161,79,40.4,43.0,33.6
161,80,40.7,41.0,31.0
161,81,42.2,41.5,32.2
161,83,39.0,44.4,32.0
161,84,41.0,43.1,30.3
161,85,43.2,39.5,29.1
161,87,42.9,43.6,36.2
161,88,43.3,43.7,33.1
161,90,44.3,44.4,32.2
161,91,42.5,42.1,31.4
161,101,44.7,42.9,39.0
162,40,36.5,37.7,24.8
162,41,37.7,36.2,25.5
162,42,36.4,39.7,24.5
162,43,38.1,36.2,25.3
162,44,39.9,38.2,26.4
162,45,38.7,39.0,26.3
162,46,38.6,39.1,26.6
162,47,37.8,39.7,27.2
162,48,38.8,39.4,26.6
162,49,39.2,38.9,27.0
162,50,38.6,39.3,27.6
162,51,38.5,39.5,28.2
162,52,38.9,39.7,27.7
162,53,38.8,39.5,27.9
162,54,39.0,39.9,28.3
162,55,40.1,40.0,28.4
162,56,39.6,40.6,28.6
162,57,39.8,39.5,28.5
162,58,39.8,40.1,28.9
162,59,39.8,40.7,29.5
162,60,39.7,40.4,29.1
162,61,40.7,40.8,29.3
162,62,40.2,41.2,29.9
162,63,40.7,40.6,29.8
162,64,39.7,41.0,30.1
162,65,40.9,40.7,31.0
162,66,40.3,41.9,29.9
162,67,41.6,42.0,31.1
162,68,39.9,42.0,31.9
162,69,41.4,41.6,31.2
162,70,39.6,41.6,32.4
162,71,40.7,42.1,31.2
162,72,40.7,42.7,32.4
162,73,39.3,44.6,35.4
162,74,40.6,42.4,32.3
162,75,42.1,42.8,32.2
162,76,40.5,42.3,33.6
162,77,41.9,43.5,31.5
162,78,36.1,44.7,35.0
162,79,40.9,47.2,32.4
162,80,41.4,43.4,31.7
162,81,41.1,43.1,33.2
162,82,39.5,44.7,37.2
162,83,43.8,44.5,35.7
162,84,40.4,44.9,33.6
162,85,45.4,42.4,34.5
162,86,41.7,45.0,31.7
162,88,42.8,42.4,30.4
162,91,43.5,42.6,33.3
162,104,41.8,43.4,32.5
163,40,36.2,38.0,24.0
163,41,36.5,35.0,25.3
163,42,39.9,39.2,25.2
163,43,40.0,42.1,25.8
163,44,38.4,39.1,25.4
163,45,39.0,37.6,26.9
163,46,38.8,38.9,26.7
163,47,38.6,38.9,26.9
163,48,38.2,39.0,27.5
163,49,39.0,39.6,27.1
163,50,39.5,39.4,27.6
163,51,39.1,39.6,27.0
163,52,39.3,39.4,27.8
163,53,38.7,39.8,28.4
163,54,40.8,39.8,28.2
163,55,39.8,39.3,28.2
163,56,39.2,40.7,29.7
163,57,39.5,40.5,28.4
163,58,40.1,40.3,29.0
163,59,40.8,40.5,29.6
163,60,40.2,40.5,29.9
163,61,40.4,40.4,30.0
163,62,40.4,40.8,29.9
163,63,41.4,41.6,30.6
163,64,41.1,40.6,30.3
163,65,41.6,43.5,33.5
163,66,41.7,41.8,30.4
163,67,40.4,41.4,30.5
163,68,41.1,41.9,31.9
163,69,40.8,42.0,32.4
163,70,41.7,42.1,31.6
163,71,40.2,42.0,30.2
163,72,40.2,42.6,31.8
163,73,41.3,42.6,31.3
163,74,41.6,42.2,32.3
163,75,42.8,42.7,31.8
163,76,42.1,42.1,33.1
163,77,46.2,45.4,31.3
163,78,42.5,43.9,34.4
163,79,45.3,43.1,35.6
163,80,42.7,43.9,32.4
163,81,39.7,43.2,31.4
163,82,39.0,41.4,34.2
163,83,43.2,43.4,31.4
163,84,40.8,44.0,33.0
163,85,40.8,38.8,27.1
163,86,40.6,41.4,32.0
163,88,38.5,42.5,31.4
163,89,41.5,41.1,36.7
163,90,44.7,45.7,37.2
163,91,45.3,48.2,34.4
164,40,37.0,36.9,24.3
164,41,36.9,37.0,24.7
164,42,37.6,39.6,24.7
164,43,38.5,37.0,26.1
164,44,38.4,38.3,24.5
164,45,37.7,38.8,26.2
164,46,38.4,39.4,26.2
164,47,38.1,38.7,26.5
164,48,39.6,39.2,27.7
164,49,39.0,38.3,27.7
164,50,39.5,40.0,27.2
164,51,39.4,39.9,27.8
164,52,39.3,39.9,27.6
164,53,39.1,39.4,27.5
164,54,39.4,40.3,28.9
164,55,39.8,40.0,28.3
164,56,40.3,41.1,28.6
164,57,39.5,40.6,29.0
164,58,39.8,40.3,29.7
164,59,40.1,39.8,28.6
164,60,40.7,41.3,28.9
164,61,40.9,40.6,29.9
164,62,41.1,42.2,32.6
164,63,40.4,41.1,30.0
164,64,41.1,42.0,31.3
164,65,41.8,43.7,33.2
164,66,41.6,41.8,31.3
164,67,40.8,42.2,31.6
164,68,41.1,42.1,31.0
164,69,42.4,41.6,30.7
164,70,41.2,41.3,30.5
164,71,42.0,42.3,32.0
164,72,41.3,41.6,32.0
164,73,41.8,42.0,31.2
164,74,40.8,41.2,31.6
164,75,42.1,44.0,32.6
164,76,42.2,44.2,34.8
164,77,37.6,45.8,38.9
164,78,42.0,43.3,33.7
164,79,41.7,43.2,31.8
164,80,45.5,44.2,33.6
164,81,36.9,46.6,40.4
164,82,42.6,45.5,33.6
164,83,43.4,42.9,34.9
164,84,42.9,42.9,34.5
164,85,43.3,43.9,34.5
164,86,39.4,43.0,34.6
164,87,45.9,41.0,29.8
164,88,43.3,44.6,32.5
164,89,43.0,42.6,39.0
164,90,45.6,44.2,36.2
164,94,40.6,44.4,34.6
164,98,38.2,47.0,34.8
165,40,36.0,36.4,27.0
165,41,36.5,36.4,25.4
165,42,45.4,41.1,27.1
165,44,39.0,38.5,25.1
165,45,40.1,39.8,27.1
165,46,38.6,40.1,28.8
165,47,39.5,40.1,26.0
165,48,38.9,39.5,26.3
165,49,39.6,39.5,27.7
165,50,37.9,41.7,30.0
165,51,39.4,39.3,27.3
165,52,40.1,40.5,28.1
165,53,40.3,40.0,27.8
165,54,40.1,40.2,27.9
165,55,39.6,40.8,28.6
165,56,40.2,40.7,28.4
165,57,38.3,41.7,31.5
165,58,40.2,41.0,29.5
165,59,41.1,41.0,28.6
165,60,40.4,40.8,29.6
165,61,40.7,41.8,30.0
165,62,41.4,41.2,30.7
165,63,40.2,41.8,31.7
165,64,40.7,41.3,29.3
165,65,41.1,45.3,35.7
165,66,41.5,42.3,31.8
165,67,41.5,41.6,30.7
165,68,42.1,41.5,32.3
165,69,40.0,42.1,32.2
165,70,41.2,42.3,32.8
165,71,41.2,43.1,32.7
165,72,42.7,41.8,31.4
165,73,41.2,42.7,31.3
165,74,40.4,43.4,32.9
165,75,42.5,43.3,31.9
165,76,43.3,43.4,32.4
165,77,39.1,43.6,34.7
165,78,42.0,42.9,32.9
165,79,41.7,43.2,35.1
165,80,41.1,40.1,31.5
165,81,43.0,42.9,32.6
165,82,39.2,42.1,33.3
165,83,41.8,46.9,36.7
165,84,42.8,41.3,35.2
165,85,41.9,44.3,34.3
165,86,43.2,44.4,34.6
165,88,42.0,44.0,34.0
165,89,41.2,42.5,33.0
165,90,45.6,44.2,37.0
165,91,42.5,44.0,33.9
165,92,43.0,45.1,37.0
165,93,39.1,41.2,31.3
165,96,44.2,43.0,33.0
166,41,38.9,37.2,25.1
166,42,42.8,38.7,25.6
166,44,39.5,38.7,25.0
166,45,39.3,37.8,25.2
166,46,41.2,38.6,26.6
166,47,40.2,38.6,25.9
166,48,39.8,40.9,27.4
166,49,39.0,39.0,26.6
166,50,39.2,40.6,28.3
166,51,40.4,40.2,28.6
166,52,38.7,39.8,30.4
166,53,39.8,39.8,27.7
166,54,40.1,40.4,28.0
166,55,41.0,40.3,27.9
166,56,39.7,40.5,28.2
166,57,39.6,40.9,29.3
166,58,40.7,41.3,29.8
166,59,41.3,40.8,29.2
166,60,40.4,41.3,29.6
166,61,41.3,41.4,30.1
166,62,40.3,41.7,30.7
166,63,41.3,41.8,29.5
166,64,41.0,42.1,30.1
166,65,41.4,43.6,34.0
166,66,41.2,42.3,30.8
166,67,42.0,42.7,31.8
166,68,41.1,42.7,32.0
166,69,42.5,41.8,31.6
166,70,42.0,43.9,32.8
166,71,41.8,43.3,32.1
166,72,42.3,43.6,31.9
166,73,43.7,43.9,31.8
166,74,43.9,40.6,32.0
166,75,44.1,42.7,34.0
166,76,42.9,44.1,32.3
166,77,42.4,45.1,35.6
166,78,42.2,42.6,31.9
166,79,38.9,44.4,37.4
166,80,43.3,44.5,32.3
166,81,43.9,41.2,34.8
166,82,42.0,43.3,32.4
166,83,43.8,42.9,34.9
166,84,44.4,48.2,39.0
166,85,43.2,43.9,32.7
166,86,44.8,41.7,33.8
166,87,41.9,48.7,38.2
166,88,43.6,43.8,31.4
166,89,45.5,45.6,33.7
166,90,46.1,41.6,31.7
166,91,43.1,43.7,32.7
166,93,44.6,45.0,33.5
166,94,41.5,45.2,34.1
166,100,43.6,45.9,36.5
167,41,39.2,35.7,24.4
167,42,39.4,37.0,26.9
167,44,39.9,42.2,28.8
167,45,41.5,38.9,27.6
167,46,38.8,40.2,26.4
167,47,38.2,41.0,28.9
167,48,39.5,38.6,27.6
167,49,39.8,40.0,26.6
167,50,40.1,39.4,28.1
167,51,40.6,41.3,28.9
167,52,40.2,40.1,27.3
167,53,39.7,40.3,28.5
167,54,38.9,40.6,29.4
167,55,40.1,41.1,29.6
167,56,39.8,41.8,29.9
167,57,40.3,40.6,29.0
167,58,40.6,41.2,30.0
167,59,40.9,41.3,29.1
167,60,40.4,42.4,30.3
167,61,40.8,42.0,31.4
167,62,41.9,41.7,30.3
167,63,41.3,42.1,31.3
167,64,41.3,41.6,29.9
167,65,42.0,46.9,37.6
167,66,43.1,43.2,31.0
167,67,42.5,42.7,31.6
167,68,42.5,42.6,31.3
167,69,41.7,42.9,32.1
167,70,42.8,42.6,30.8
167,71,42.1,42.8,31.8
167,72,42.5,43.8,32.5
167,73,42.4,42.7,32.3
167,74,43.6,42.6,32.8
167,75,41.8,44.0,33.1
167,76,43.2,43.3,32.3
167,77,43.1,43.0,32.9
167,78,44.2,42.8,33.0
167,79,42.5,44.4,32.2
167,80,43.0,47.2,38.9
167,81,42.3,44.0,35.5
167,82,44.4,43.8,33.4
167,83,42.7,43.5,33.2
167,84,42.6,43.0,32.8
167,85,43.4,44.7,32.6
167,86,41.6,43.6,34.4
167,87,41.6,47.8,40.3
167,89,42.7,46.5,35.2
167,90,38.5,49.7,43.5
167,92,43.0,42.2,33.5
167,93,41.2,44.7,33.5
167,96,42.4,44.7,38.6
167,97,42.5,45.1,33.8
167,99,45.2,42.0,35.7
167,102,42.4,44.2,36.2
167,114,49.0,46.0,35.3
168,41,42.0,44.6,31.0
168,44,39.5,38.6,27.1
168,45,41.5,39.9,26.5
168,46,39.2,38.1,27.4
168,47,38.8,39.3,27.4
168,48,40.5,39.3,25.6
168,49,39.8,40.5,26.3
168,50,39.1,38.6,28.4
168,51,41.5,41.1,28.4
168,52,40.4,40.0,28.5
168,53,40.4,40.2,28.2
168,54,41.1,41.0,28.5
168,55,40.8,41.1,28.5
168,56,40.7,41.0,28.2
168,57,40.3,42.4,29.9
168,58,41.8,42.0,29.1
168,59,40.7,41.8,29.8
168,60,42.1,42.0,29.8
168,61,41.1,42.2,30.0
168,62,42.2,42.2,30.0
168,63,41.5,42.7,32.0
168,64,41.6,42.3,30.8
168,65,42.3,47.1,38.5
168,66,42.3,43.6,31.4
168,67,42.4,42.8,30.7
168,68,42.3,44.0,32.8
168,69,42.0,43.4,32.2
168,70,43.0,43.0,32.6
168,71,42.4,43.9,33.2
168,72,41.9,43.8,32.8
168,73,42.8,43.4,32.5
168,74,43.0,43.0,32.8
168,75,42.9,42.9,32.7
168,76,42.4,44.5,34.2
168,77,43.8,43.1,32.0
168,78,41.2,44.6,36.0
168,79,44.3,43.2,32.6
168,80,41.6,43.6,33.9
168,81,42.2,45.8,34.7
168,82,42.1,43.3,32.1
168,83,44.4,43.9,35.1
168,84,44.4,44.4,35.3
168,85,42.6,44.6,33.7
168,86,42.0,48.3,40.9
168,87,45.1,44.6,34.2
168,88,42.8,42.0,34.2
168,89,43.5,48.3,32.6
168,90,42.5,43.0,32.2
168,91,49.0,47.6,43.3
168,93,45.7,47.2,34.0
168,94,43.0,47.6,34.9
168,95,46.9,43.0,33.5
168,98,40.6,45.5,35.0
168,99,44.3,47.0,39.5
168,106,42.3,45.3,35.0
168,114,43.4,46.0,31.8
169,44,44.1,40.7,26.7
169,46,43.7,43.3,29.4
169,47,40.0,40.4,27.5
169,48,39.9,38.9,27.2
169,49,39.5,41.0,27.1
169,50,41.1,40.8,27.1
169,51,36.0,41.1,32.5
169,52,39.2,41.2,29.8
169,53,40.4,40.4,28.0
169,54,41.6,41.4,28.8
169,55,39.4,41.2,29.5
169,56,40.5,41.9,29.3
169,57,40.9,41.6,29.0
169,58,40.5,42.0,30.2
169,59,41.0,42.2,29.8
169,60,40.5,41.9,29.5
169,61,40.8,42.5,30.5
169,62,41.4,42.0,30.4
169,63,41.6,42.9,30.9
169,64,41.7,42.7,31.2
169,65,42.3,45.8,36.5
169,66,42.5,42.6,31.6
169,67,41.8,43.1,31.9
169,68,41.0,43.6,33.2
169,69,43.0,42.7,33.0
169,70,42.0,42.8,32.7
169,71,42.4,43.0,32.0
169,72,42.4,43.3,33.2
169,73,43.7,43.3,32.6
169,74,42.0,43.0,32.4
169,75,42.6,44.9,34.2
169,76,42.6,43.7,33.1
169,77,43.0,43.1,33.2
169,78,42.7,43.6,33.6
169,79,43.0,44.5,33.2
169,80,43.1,46.7,36.8
169,81,43.1,45.0,35.8
169,82,40.0,44.1,32.7
169,83,43.4,46.2,36.4
169,84,43.9,44.9,32.8
169,85,45.3,44.5,34.6
169,86,43.2,43.2,33.9
169,87,43.6,45.5,36.6
169,89,40.5,44.9,36.5
169,90,44.0,44.7,34.4
169,92,41.9,45.2,34.2
169,93,46.4,47.1,35.2
169,95,48.0,48.0,35.0
169,96,41.1,44.4,33.0
169,97,46.5,44.5,33.6
169,98,41.1,43.1,34.6
169,110,41.5,44.2,32.0
170,43,43.4,40.2,27.3
170,44,42.7,41.2,30.3
170,45,39.9,36.2,26.7
170,46,34.0,42.3,28.8
170,47,43.0,41.3,27.2
170,48,43.2,40.4,27.0
170,49,42.0,38.7,27.1
170,50,42.6,41.4,28.4
170,51,40.3,40.9,27.4
170,52,41.3,40.1,27.0
170,53,41.0,40.9,28.2
170,54,40.4,40.2,28.3
170,55,40.9,41.4,29.9
170,56,42.3,41.7,28.2
170,57,41.3,42.0,28.9
170,58,41.3,41.4,29.5
170,59,41.7,42.1,29.3
170,60,42.4,41.8,29.9
170,61,41.5,42.5,30.4
170,62,41.2,43.1,31.6
170,63,41.8,42.9,31.3
170,64,42.5,42.4,30.0
170,65,43.0,48.4,38.5
170,66,41.7,42.6,31.2
170,67,42.5,42.9,31.5
170,68,42.2,42.8,31.8
170,69,42.9,43.1,31.8
170,70,41.3,43.5,33.8
170,71,42.2,43.1,33.1
170,72,43.6,42.5,31.3
170,73,43.2,43.0,31.8
170,74,43.3,44.4,34.6
170,75,42.8,42.9,31.7
170,76,42.3,45.1,34.3
170,77,43.2,43.6,31.8
170,78,43.8,44.6,34.5
170,79,42.6,44.1,33.2
170,80,42.3,46.6,36.0
170,81,41.9,44.3,33.3
170,82,43.9,44.4,35.4
170,83,46.1,43.2,34.9
170,84,42.9,43.6,35.8
170,85,43.6,45.2,34.8
170,86,44.6,42.6,34.4
170,87,41.9,45.4,34.8
170,88,44.5,47.0,38.6
170,89,43.5,45.7,32.4
170,90,42.7,42.9,34.8
170,91,45.2,45.1,34.7
170,92,43.2,43.4,33.4
170,94,43.0,46.2,33.3
170,95,44.0,44.7,35.4
170,96,42.0,45.6,35.9
170,97,42.6,46.3,35.6
170,99,44.8,45.6,31.4
170,110,50.9,47.8,33.2
171,41,38.5,40.9,27.1
171,45,40.4,36.2,26.1
171,46,42.0,39.2,24.4
171,48,43.5,41.6,27.2
171,49,42.0,38.1,27.0
171,50,41.1,39.4,28.9
171,51,40.7,39.8,27.6
171,52,41.9,40.0,28.2
171,53,39.1,41.0,29.3
171,54,41.5,40.0,27.6
171,55,41.5,42.5,28.4
171,56,41.2,42.2,30.1
171,57,41.3,42.1,28.7
171,58,41.1,42.1,29.8
171,59,42.1,41.7,29.3
171,60,42.4,43.3,30.0
171,61,42.0,42.5,30.3
171,62,42.6,43.4,31.0
171,63,42.0,42.4,29.8
171,64,42.8,42.8,30.6
171,65,42.9,49.3,40.4
171,66,43.0,43.0,30.8
171,67,42.1,43.5,31.9
171,68,42.4,43.5,32.8
171,69,41.7,44.9,34.8
171,70,42.3,44.5,32.4
171,71,42.9,44.6,33.5
171,72,42.0,44.4,33.8
171,73,42.6,43.9,32.5
171,74,43.3,44.2,33.0
171,75,43.0,43.6,32.3
171,76,43.4,43.3,33.1
171,77,44.5,44.2,32.6
171,78,43.7,44.5,34.1
171,79,43.6,43.4,33.8
171,80,41.4,45.7,35.0
171,81,42.9,44.4,32.2
171,82,42.1,47.1,36.3
171,83,43.2,44.5,33.5
171,84,43.4,43.2,34.7
171,85,43.9,43.8,33.4
171,86,42.1,42.2,34.2
171,87,42.4,44.9,34.7
171,88,43.8,45.7,36.1
171,89,44.5,45.4,35.9
171,90,42.8,44.9,32.9
171,91,38.0,43.4,34.4
171,92,47.8,44.8,34.1
171,93,42.3,43.8,33.8
171,94,44.0,45.7,37.5
171,99,42.5,42.7,33.6
171,100,44.8,43.4,34.3
171,101,40.9,49.6,36.9
171,112,49.0,45.0,35.0
172,45,41.8,42.6,27.3
172,46,36.0,39.0,24.8
172,47,42.6,39.6,24.6
172,48,38.6,37.0,25.2
172,49,40.9,40.4,26.7
172,50,41.3,42.1,28.5
172,51,40.2,42.0,27.3
172,52,41.4,39.9,27.4
172,53,41.7,41.7,28.0
172,54,41.3,42.6,30.0
172,55,41.0,41.3,27.6
172,56,41.2,41.7,28.4
172,57,43.2,41.8,29.2
172,58,41.4,42.1,30.1
172,59,43.6,42.1,29.4
172,60,42.3,43.0,30.6
172,61,42.4,42.3,30.4
172,62,41.8,43.9,31.7
172,63,43.0,43.2,30.9
172,64,42.4,43.8,30.6
172,65,43.3,47.6,36.8
172,66,42.8,43.8,30.8
172,67,43.2,43.4,32.5
172,68,43.2,44.1,31.7
172,69,43.3,43.2,31.4
172,70,42.8,43.9,32.8
172,71,42.2,43.8,32.8
172,72,42.6,44.2,31.9
172,73,43.3,44.0,33.5
172,74,43.9,44.1,32.9
172,75,43.4,44.9,33.6
172,76,42.8,44.0,32.7
172,77,44.9,44.0,32.8
172,78,43.2,43.9,32.2
172,79,43.0,45.8,35.3
172,80,42.7,45.3,33.8
172,81,44.4,44.9,32.9
172,82,42.7,45.4,34.7
172,83,43.5,45.5,33.3
172,84,42.8,44.4,34.7
172,85,43.5,46.3,37.3
172,86,43.1,44.5,33.7
172,87,45.0,43.9,34.3
172,88,43.9,45.1,34.6
172,89,42.9,44.4,34.9
172,90,43.1,47.2,37.7
172,91,45.2,45.4,35.0
172,92,42.6,46.9,34.1
172,93,39.0,42.0,34.1
172,94,42.4,47.9,36.1
172,95,43.4,44.3,33.5
172,96,45.0,44.8,35.9
172,97,46.0,44.8,34.0
172,98,45.0,46.0,36.8
172,99,46.0,42.3,37.6
172,100,45.8,46.7,36.2
173,45,41.3,44.8,29.6
173,47,39.6,37.6,26.3
173,48,42.9,42.1,27.9
173,50,40.9,40.5,27.2
173,51,38.3,42.6,31.5
173,52,42.0,42.4,28.0
173,53,42.7,42.1,28.0
173,54,43.3,40.9,28.5
173,55,42.3,41.6,28.6
173,56,39.0,44.0,32.0
173,57,43.4,42.3,30.3
173,58,40.6,41.5,30.2
173,59,42.0,43.6,29.9
173,60,43.2,42.0,29.6
173,61,41.1,42.3,30.5
173,62,41.6,43.6,31.4
173,63,41.3,43.6,31.4
173,64,42.5,42.9,29.9
173,65,42.6,46.7,36.9
173,66,43.7,43.1,32.7
173,67,43.0,43.7,31.7
173,68,42.4,43.6,32.0
173,69,42.1,43.6,32.8
173,70,43.1,43.8,32.3
173,71,43.2,43.9,33.3
173,72,43.9,44.2,33.6
173,73,42.2,45.8,34.2
173,74,42.7,44.3,31.7
173,75,43.4,44.5,31.9
173,76,44.0,45.3,33.0
173,77,43.3,44.4,33.3
173,78,43.9,45.5,33.6
173,79,43.4,44.4,32.5
173,80,42.7,44.5,32.4
173,81,45.0,45.0,33.8
173,82,44.2,44.9,33.5
173,83,46.4,43.8,34.6
173,84,42.9,43.8,33.0
173,85,42.6,45.4,33.1
173,86,41.9,46.7,36.8
173,87,41.2,44.8,36.2
173,88,42.8,44.4,34.4
173,89,43.6,45.5,34.4
173,90,42.8,46.3,35.6
173,91,45.4,45.4,35.2
173,92,44.2,41.9,34.2
173,93,44.4,46.1,32.9
173,94,45.2,39.2,33.6
173,95,45.5,47.1,34.1
173,96,45.9,45.1,34.7
173,97,39.0,47.0,37.0
173,99,49.0,45.5,41.8
173,101,44.8,44.6,35.4
173,102,43.5,45.8,38.3
173,104,48.5,46.1,41.7
174,49,45.0,44.2,29.1
174,50,42.0,40.7,27.0
174,51,37.8,37.0,26.7
174,52,42.6,41.8,27.8
174,53,40.9,42.1,31.4
174,54,43.6,41.2,29.8
174,55,40.7,43.0,28.2
174,56,42.9,41.7,28.6
174,57,42.9,43.0,29.3
174,58,43.1,42.8,28.9
174,59,41.2,44.0,30.9
174,60,43.1,43.0,30.0
174,61,42.8,42.6,29.7
174,62,43.4,42.9,30.7
174,63,42.5,44.2,31.8
174,64,43.3,43.0,30.7
174,65,43.8,49.1,38.5
174,66,43.6,44.0,31.5
174,67,42.3,44.6,32.7
174,68,43.5,43.4,30.8
174,69,43.8,44.1,33.0
174,70,43.2,45.5,34.7
174,71,43.2,46.2,34.0
174,72,44.3,44.5,32.4
174,73,43.3,42.8,32.6
174,74,43.0,44.5,33.0
174,75,44.6,44.6,33.0
174,76,43.5,44.3,32.9
174,77,43.3,44.8,33.8
174,78,43.1,45.0,33.9
174,79,44.9,44.1,33.8
174,80,42.6,46.5,35.5
174,81,44.6,45.8,34.3
174,82,43.8,46.4,34.2
174,83,43.6,46.1,34.3
174,84,44.2,44.9,34.0
174,85,44.6,44.9,34.4
174,86,43.6,45.8,33.6
174,87,44.8,45.0,33.7
174,88,42.6,46.0,36.9
174,89,45.3,45.0,34.2
174,90,44.0,48.2,33.4
174,91,46.3,45.6,33.8
174,92,44.7,45.9,35.4
174,93,44.0,46.3,35.3
174,94,45.7,44.2,36.4
174,96,46.4,46.3,35.2
174,98,45.7,46.6,40.6
174,100,46.0,45.5,37.4
174,103,44.2,43.9,35.0
174,104,45.5,45.0,35.3
174,106,44.6,45.3,34.3
174,111,46.4,50.5,34.5
174,113,44.4,43.9,37.1
174,115,48.5,48.1,37.5
175,48,41.5,41.3,27.8
175,49,38.4,37.1,28.1
175,52,43.1,41.6,27.9
175,54,39.0,41.4,26.0
175,55,44.2,41.8,30.8
175,56,42.2,41.8,28.1
175,57,44.3,41.6,28.4
175,58,42.0,44.0,30.7
175,59,42.1,43.0,30.0
175,60,42.9,42.4,29.5
175,61,41.9,43.8,31.9
175,62,42.8,43.6,31.0
175,63,42.2,42.9,31.2
175,64,42.3,43.3,31.2
175,65,43.9,48.5,38.4
175,66,43.4,42.5,31.2
175,67,42.7,44.4,31.3
175,68,42.5,44.3,31.7
175,69,43.3,44.1,31.9
175,70,42.3,46.1,33.6
175,71,43.2,44.2,31.3
175,72,42.7,46.0,34.0
175,73,43.1,44.6,33.9
175,74,43.5,44.8,33.0
175,75,44.7,45.1,33.1
175,76,44.3,44.4,32.1
175,77,43.7,44.1,31.8
175,78,42.0,44.2,33.9
175,79,44.0,43.8,32.0
175,80,44.2,44.6,32.9
175,81,44.2,45.9,36.2
175,82,42.7,46.2,34.8
175,83,44.5,44.6,33.0
175,84,44.3,45.3,33.7
175,85,45.6,46.0,33.4
175,86,43.5,48.7,39.6
175,87,43.7,44.6,34.4
175,88,43.6,45.8,33.6
175,89,43.2,47.6,33.8
175,90,44.0,45.8,34.9
175,91,44.3,43.6,34.8
175,92,44.0,44.6,34.5
175,93,45.9,45.3,37.3
175,94,49.0,49.8,39.4
175,95,42.9,47.0,34.2
175,97,46.2,44.0,34.3
175,99,41.1,46.3,35.6
175,100,46.0,48.7,36.0
175,103,44.4,52.6,36.8
175,105,41.2,47.3,35.3
175,106,44.3,46.0,37.6
175,109,47.6,43.2,39.4
176,52,40.6,42.1,28.4
176,53,43.4,42.4,26.8
176,54,43.8,41.6,28.5
176,55,44.2,41.6,30.2
176,56,41.9,42.9,30.4
176,57,41.1,42.8,27.2
176,58,43.3,41.8,28.3
176,59,43.1,43.2,28.7
176,60,42.9,43.2,31.4
176,61,42.3,42.8,29.8
176,62,43.1,43.4,30.4
176,63,43.0,43.2,29.7
176,64,43.2,44.5,32.2
176,65,43.7,52.1,42.7
176,66,43.7,43.6,30.6
176,67,43.2,44.3,31.4
176,68,43.5,43.8,31.7
176,69,44.3,44.0,31.2
176,70,43.5,44.8,31.9
176,71,42.7,44.0,31.3
176,72,43.4,45.0,31.8
176,73,42.7,45.1,34.1
176,74,43.6,43.6,32.0
176,75,42.9,44.5,34.7
176,76,43.2,45.7,33.1
176,77,44.0,47.8,36.3
176,78,42.7,45.1,33.9
176,79,43.2,45.2,36.1
176,80,42.3,47.7,36.7
176,81,43.3,45.7,32.8
176,82,43.7,45.7,34.8
176,83,43.9,46.3,35.5
176,84,43.8,45.0,33.9
176,85,44.2,46.1,35.3
176,86,42.9,46.7,33.7
176,87,42.9,46.8,36.5
176,88,43.8,45.7,33.9
176,89,43.4,47.1,37.3
176,90,44.7,45.6,34.3
176,91,47.5,49.4,37.3
176,92,42.7,48.3,37.4
176,93,43.9,45.8,35.8
176,94,46.2,47.7,36.2
176,95,44.0,45.4,32.4
176,96,46.0,47.0,34.5
176,97,42.5,49.8,44.5
176,98,47.3,42.5,40.4
176,99,43.8,48.4,36.5
176,100,46.6,44.8,34.6
176,101,45.0,47.2,36.1
176,102,43.2,44.8,35.4
176,103,44.7,45.2,35.9
176,106,42.8,44.3,35.3
176,114,43.8,44.7,37.4
176,117,50.1,47.4,37.6
177,43,39.5,39.2,26.1
177,48,42.4,39.1,27.0
177,51,42.1,43.0,28.6
177,52,40.4,40.5,28.9
177,53,43.5,43.5,27.6
177,54,44.2,42.7,29.6
177,55,44.0,43.6,28.4
177,56,41.2,42.5,27.8
177,58,43.0,41.8,29.6
177,59,42.8,42.8,29.2
177,60,43.6,42.8,29.6
177,61,41.9,44.9,32.5
177,62,45.7,41.3,30.3
177,63,43.5,42.8,30.3
177,64,43.3,45.3,31.6
177,65,45.0,51.1,41.4
177,66,42.2,45.1,33.3
177,67,42.4,43.6,32.7
177,68,43.3,43.1,31.8
177,69,43.9,44.0,32.0
177,70,43.5,44.9,32.3
177,71,42.6,45.0,33.3
177,72,43.7,44.4,32.9
177,73,43.8,45.0,31.6
177,74,43.3,45.0,32.7
177,75,44.3,44.6,33.2
177,76,43.9,45.5,33.8
177,77,44.2,45.8,33.9
177,78,43.3,45.2,32.7
177,79,42.5,47.3,36.1
177,80,45.1,45.3,32.7
177,81,43.1,47.3,36.7
177,82,44.1,45.3,33.5
177,83,45.9,44.3,33.8
177,84,43.0,47.0,36.2
177,85,43.0,46.3,35.5
177,86,44.6,47.8,37.6
177,87,44.5,45.3,35.8
177,88,44.7,45.0,33.6
177,89,47.0,46.0,36.2
177,90,45.9,46.0,33.2
177,91,44.3,46.6,34.6
177,92,42.0,51.4,42.4
177,93,43.5,43.5,33.0
177,94,46.0,47.2,33.9
177,95,42.5,45.8,35.0
177,96,43.7,46.7,35.0
177,97,45.3,44.8,37.9
177,100,45.5,44.7,35.4
177,101,38.9,54.4,45.8
177,102,45.5,45.9,36.8
177,103,46.4,45.5,36.4
177,106,45.0,43.5,34.0
177,107,43.5,46.2,35.2
177,108,46.5,47.1,35.0
177,109,50.6,47.5,40.3
178,49,40.3,38.9,26.9
178,52,42.0,39.2,27.5
178,54,40.6,41.2,26.7
178,55,42.2,44.8,28.5
178,56,42.9,44.0,27.6
178,57,45.1,42.1,29.6
178,58,41.3,40.8,29.2
178,59,44.4,43.0,29.8
178,60,43.4,42.3,29.9
178,61,42.3,43.4,31.1
178,62,42.9,43.9,29.8
178,63,42.8,44.4,29.5
178,64,43.9,43.0,29.6
178,65,45.4,51.9,42.8
178,66,44.3,43.4,30.7
178,67,42.3,44.4,32.3
178,68,43.3,45.0,31.9
178,69,41.4,45.0,31.7
178,70,44.0,44.2,31.5
178,71,43.5,43.8,32.2
178,72,43.3,43.9,32.7
178,73,43.9,43.3,31.7
178,74,43.2,45.9,34.8
178,75,44.0,45.6,33.2
178,76,43.4,44.7,32.3
178,77,44.6,45.1,32.7
178,78,44.0,46.7,34.3
178,79,43.1,47.4,35.6
178,80,45.8,44.5,34.2
178,81,43.5,46.6,36.2
178,82,43.4,45.8,34.6
178,83,45.0,45.9,34.9
178,84,43.8,46.2,36.0
178,85,46.4,45.6,33.6
178,86,43.2,46.2,34.4
178,87,43.4,47.1,35.3
178,88,44.0,45.1,33.3
178,89,44.4,44.1,33.6
178,90,45.8,47.1,34.4
178,91,45.7,45.3,33.3
178,92,46.2,45.5,34.0
178,93,44.4,45.0,34.3
178,94,45.4,48.1,35.5
178,95,45.2,45.0,33.5
178,96,47.5,48.0,37.3
178,97,43.3,45.5,33.8
178,98,45.8,46.7,37.5
178,101,43.1,47.1,41.0
178,102,47.7,49.0,35.8
178,105,44.1,48.2,35.0
178,107,46.0,46.5,34.9
178,110,48.1,44.7,32.9
178,113,46.3,50.4,36.1
179,51,38.6,38.2,26.0
179,53,40.4,42.2,29.0
179,54,38.2,42.6,27.7
179,55,45.2,44.8,28.9
179,56,42.6,43.6,29.7
179,57,43.7,44.6,29.2
179,58,47.2,42.5,29.7
179,59,43.6,43.1,29.7
179,60,43.8,43.0,29.5
179,61,41.8,46.4,32.5
179,62,44.1,43.6,31.2
179,63,44.3,43.8,29.6
179,64,44.1,41.3,29.1
179,65,44.7,50.4,39.9
179,66,43.3,42.3,30.8
179,67,44.2,42.9,30.6
179,68,44.6,45.4,32.8
179,69,43.8,43.7,31.6
179,70,42.6,47.9,36.7
179,71,43.0,45.8,34.3
179,72,43.3,48.0,34.4
179,73,42.9,46.0,32.9
179,74,44.2,44.9,32.4
179,75,43.5,46.5,35.2
179,76,44.6,46.5,33.7
179,77,43.7,46.6,36.6
179,78,43.0,45.4,33.8
179,79,44.3,44.7,32.7
179,80,45.5,44.4,32.8
179,81,43.7,47.1,35.9
179,82,45.1,45.7,33.6
179,83,45.6,45.5,33.6
179,84,43.6,46.9,36.3
179,85,44.4,49.4,36.2
179,86,45.4,46.9,36.2
179,87,45.2,46.9,35.5
179,88,44.7,46.3,33.3
179,89,45.4,45.3,33.3
179,90,47.8,43.9,33.5
179,91,45.5,45.0,35.1
179,92,43.2,46.3,34.3
179,93,43.5,42.1,32.2
179,94,46.0,46.8,35.8
179,95,46.6,47.5,34.8
179,96,44.6,48.2,35.1
179,97,43.5,45.3,33.3
179,99,45.3,46.9,32.3
179,100,41.8,46.8,34.9
179,102,47.2,46.6,34.0
179,103,46.7,47.6,34.0
179,104,39.8,51.1,45.7
179,106,47.4,46.8,43.0
179,117,43.2,50.4,37.0
179,118,46.0,48.7,34.6
180,53,46.1,43.7,32.5
180,54,45.7,44.4,29.7
180,56,45.2,42.5,28.4
180,57,45.6,43.0,27.9
180,59,44.8,42.9,29.0
180,60,43.2,43.7,30.8
180,61,42.1,43.8,28.9
180,62,44.7,42.7,30.5
180,63,44.1,44.4,29.3
180,64,44.4,44.5,31.1
180,65,45.9,54.4,44.2
180,66,42.5,46.2,33.4
180,67,43.2,45.5,29.3
180,68,42.6,46.7,33.6
180,69,43.5,46.0,30.6
180,70,45.0,45.4,30.7
180,71,43.9,44.8,32.8
180,72,42.8,45.8,31.3
180,73,43.0,44.0,31.9
180,74,44.1,44.0,32.5
180,75,42.5,44.8,33.2
180,76,44.1,45.3,32.1
180,77,44.7,45.8,31.9
180,78,43.6,46.0,34.0
180,79,43.9,46.8,33.2
180,80,42.8,49.3,37.5
180,81,44.7,47.1,35.1
180,82,43.9,45.7,36.2
180,83,45.5,46.1,33.1
180,84,42.9,44.1,33.0
180,85,42.0,53.9,46.6
180,86,45.0,47.4,36.0
180,87,45.4,46.7,34.3
180,88,44.1,44.6,33.6
180,89,45.7,47.2,33.6
180,91,46.6,45.9,34.6
180,92,45.4,48.1,38.8
180,93,42.7,47.7,39.7
180,94,45.6,44.1,34.5
180,95,44.8,52.4,42.7
180,96,48.6,47.0,35.8
180,97,45.8,48.2,35.6
180,98,47.4,47.1,35.8
180,99,41.3,44.9,35.6
180,100,49.2,45.2,38.3
180,102,39.0,64.9,58.4
180,104,45.7,46.1,35.3
180,105,46.6,48.4,35.1
180,108,47.9,46.4,35.7
181,50,45.5,43.7,33.3
181,54,44.6,40.2,27.2
181,57,42.2,42.9,28.0
181,58,41.0,43.6,26.5
181,59,42.2,39.2,30.4
181,60,45.0,41.1,31.2
181,62,43.2,43.6,29.8
181,64,43.6,42.6,33.9
181,65,44.7,49.4,37.0
181,66,45.5,45.1,32.3
181,67,44.2,45.8,31.8
181,68,46.1,45.8,32.4
181,69,44.2,44.1,29.8
181,70,45.8,45.0,31.2
181,71,44.1,43.5,30.9
181,72,44.7,43.7,31.8
181,73,42.0,46.2,36.7
181,74,44.1,46.7,32.5
181,75,43.4,45.9,31.6
181,76,45.6,43.9,32.2
181,77,46.0,44.3,31.8
181,78,44.7,45.1,32.9
181,79,46.0,43.4,34.1
181,80,44.5,46.5,34.6
181,81,44.1,44.5,33.2
181,82,44.4,50.6,38.7
181,83,44.6,44.4,33.5
181,84,46.4,44.3,35.3
181,85,45.0,47.0,33.8
181,86,44.4,45.8,31.2
181,87,45.3,43.5,32.3
181,88,45.6,46.2,33.6
181,89,44.4,47.8,33.5
181,90,44.9,49.7,36.7
181,91,47.2,46.5,36.0
181,92,44.4,46.8,34.6
181,93,42.3,51.1,38.7
181,95,45.9,47.3,34.0
181,97,46.9,46.0,33.6
181,99,46.8,43.4,33.8
181,102,44.9,48.4,35.2
181,103,34.5,67.7,56.6
181,105,39.1,42.9,39.5
181,106,47.5,48.3,37.5
181,108,50.3,47.8,40.6
181,111,42.6,49.5,34.9
182,56,42.5,37.4,29.4
182,57,47.0,43.4,28.5
182,58,46.0,43.3,27.7
182,59,42.8,45.8,29.9
182,60,42.6,43.6,29.6
182,61,42.5,44.0,31.2
182,62,42.8,44.0,31.2
182,63,43.0,45.5,31.7
182,64,41.0,41.0,29.5
182,65,44.4,50.4,38.7
182,66,43.2,47.2,34.8
182,67,45.1,47.8,30.9
182,68,44.7,45.2,34.8
182,69,46.0,43.6,33.6
182,70,40.5,51.9,46.7
182,71,43.1,46.6,37.2
182,72,44.8,44.8,31.6
182,73,45.1,44.8,31.4
182,74,45.0,43.1,31.3
182,75,45.1,45.7,31.9
182,76,46.0,44.4,30.9
182,77,42.0,50.1,38.9
182,78,46.3,46.2,32.1
182,79,45.0,46.8,32.0
182,80,42.9,46.6,35.2
182,81,45.5,44.4,32.4
182,82,43.6,44.9,32.4
182,83,45.2,46.4,33.1
182,84,44.8,43.3,31.2
182,85,44.3,46.7,33.4
182,86,44.8,45.2,34.7
182,87,47.3,46.3,33.2
182,88,45.0,47.3,31.3
182,89,44.0,47.4,35.9
182,90,45.9,46.0,35.3
182,91,46.4,44.9,35.3
182,92,44.0,46.8,34.2
182,93,45.0,46.7,35.0
182,94,39.5,62.0,53.9
182,95,46.4,45.6,34.5
182,96,45.1,51.2,34.4
182,97,44.9,44.2,34.3
182,98,44.0,51.4,41.9
182,103,51.7,46.4,39.8
182,108,54.4,44.0,36.5
182,111,39.5,45.8,34.6
182,117,46.5,49.9,35.8
183,55,45.4,41.5,27.5
183,58,44.4,43.5,29.3
183,63,44.6,45.8,29.7
183,64,45.5,46.3,30.3
183,65,46.1,52.1,42.8
183,66,47.0,45.1,34.1
183,67,45.0,45.4,30.8
183,68,45.4,43.8,31.0
183,69,42.4,45.8,30.6
183,70,44.6,43.3,32.4
183,71,43.9,43.2,31.6
183,72,44.4,43.2,30.4
183,73,44.3,43.4,30.7
183,74,44.0,44.5,32.6
183,75,44.4,48.2,38.3
183,76,43.6,45.2,31.6
183,77,43.6,44.7,32.3
183,78,43.2,42.1,31.4
183,79,39.6,52.9,42.8
183,80,45.6,47.8,32.9
183,81,44.7,47.2,34.6
183,82,45.1,47.3,33.7
183,83,46.6,48.4,31.2
183,84,46.5,43.6,31.8
183,85,44.2,49.5,38.5
183,86,45.3,46.9,32.8
183,87,46.4,46.6,35.4
183,88,46.0,46.1,33.7
183,89,46.2,46.1,35.5
183,90,46.1,45.5,35.2
183,91,46.9,44.7,35.3
183,93,40.0,54.9,55.4
183,94,46.2,46.0,34.3
183,95,45.3,47.3,35.0
183,97,46.5,46.5,36.7
183,99,44.2,46.4,34.0
183,100,43.8,46.9,36.1
183,101,46.5,50.8,37.0
183,105,47.7,45.8,40.6
183,106,49.6,48.2,35.7
183,107,45.8,50.3,38.2
184,55,48.8,42.3,35.0
184,59,47.8,42.4,30.5
184,61,47.0,39.0,30.0
184,62,43.4,44.8,31.5
184,63,44.6,42.2,29.8
184,64,49.3,42.5,29.5
184,65,45.8,54.4,47.4
184,66,43.1,46.9,31.1
184,67,45.3,43.0,30.2
184,68,43.5,44.5,32.9
184,69,49.0,41.0,27.3
184,70,45.9,42.9,32.9
184,71,45.0,45.4,32.3
184,72,47.1,46.5,31.8
184,73,46.1,46.9,33.2
184,74,41.7,49.5,30.7
184,75,44.7,45.3,32.0
184,76,43.3,47.4,33.6
184,77,44.6,45.9,31.9
184,78,45.1,51.6,40.4
184,80,43.9,45.8,32.9
184,81,45.8,46.5,33.6
184,82,43.9,45.5,33.1
184,83,45.1,51.7,39.5
184,84,44.3,43.4,31.2
184,86,45.7,47.9,32.1
184,87,46.5,46.9,33.5
184,88,47.0,46.6,36.4
184,89,47.2,46.6,34.6
184,90,46.7,45.9,34.0
184,91,45.0,45.0,32.9
184,92,45.0,47.4,33.1
184,94,43.6,46.7,34.1
184,95,43.8,44.1,33.6
184,98,45.2,43.5,35.8
184,100,47.7,48.2,36.0
184,101,45.8,45.4,33.6
184,102,49.2,49.4,35.8
184,105,44.8,48.7,34.3
185,57,45.7,42.1,27.2
185,61,44.4,41.7,30.1
185,63,44.4,44.1,29.0
185,64,33.5,53.2,45.8
185,65,45.9,58.8,50.5
185,67,46.5,40.5,30.6
185,68,47.7,44.0,34.0
185,69,44.2,43.9,29.6
185,70,44.4,45.7,27.7
185,71,46.1,46.0,29.6
185,72,47.6,44.0,32.9
185,73,46.5,43.8,32.5
185,74,44.3,47.2,31.8
185,75,42.3,45.7,31.8
185,76,46.4,47.8,35.9
185,77,46.4,47.0,33.6
185,78,45.0,45.6,32.8
185,79,47.2,46.4,34.6
185,80,45.0,46.2,33.7
185,81,46.1,48.1,31.8
185,82,46.7,45.6,32.6
185,83,43.3,48.0,36.0
185,85,43.7,45.0,32.7
185,86,47.8,45.6,32.9
185,87,46.9,46.1,33.8
185,88,47.5,48.1,32.1
185,89,44.3,46.3,34.5
185,91,44.2,47.6,34.0
185,93,49.6,46.6,34.0
185,94,42.9,45.8,34.6
185,100,46.6,45.6,39.0
185,101,46.4,44.8,33.0
185,103,40.0,51.0,46.8
185,106,45.1,43.5,36.0
185,110,47.5,48.4,36.3
185,111,48.9,43.5,35.1
185,113,43.0,57.1,47.0
185,117,47.8,51.3,36.3
186,64,43.5,54.8,44.7
186,65,47.4,61.2,55.4
186,66,40.5,43.9,31.4
186,67,45.5,44.4,29.1
186,69,49.1,38.2,29.8
186,71,44.3,46.6,31.0
186,73,44.0,44.7,32.5
186,75,45.5,46.0,32.2
186,77,47.0,44.0,30.2
186,78,42.6,43.0,32.4
186,79,47.1,46.6,31.7
186,80,45.7,45.4,31.3
186,81,43.8,47.7,32.6
186,82,46.6,46.7,32.3
186,83,51.5,45.6,37.6
186,84,44.8,52.6,42.9
186,86,48.2,46.3,35.3
186,88,42.0,45.0,32.8
186,89,46.0,44.1,32.7
186,90,46.6,46.3,33.2
186,92,44.8,46.9,33.3
186,93,44.3,48.3,34.7
186,95,48.0,49.2,34.4
186,99,49.1,48.3,36.6
186,101,47.0,48.5,35.4
186,102,52.0,49.0,40.2
186,103,47.1,47.7,35.8
186,107,48.2,43.5,37.5
186,111,47.4,45.6,33.8
186,112,48.5,43.0,37.2
187,61,48.0,45.5,28.7
187,65,47.5,55.6,45.0
187,67,39.8,39.5,32.7
187,68,43.0,49.8,31.5
187,69,47.2,42.0,31.6
187,70,42.0,50.9,38.7
187,71,44.8,44.4,31.2
187,73,44.8,45.3,31.9
187,76,48.5,41.5,29.7
187,77,46.2,44.0,32.0
187,80,46.0,46.6,32.0
187,82,44.4,43.0,31.8
187,83,46.6,48.7,32.1
187,84,45.6,41.4,31.2
187,86,46.9,44.1,32.8
187,87,43.7,46.7,33.9
187,93,47.8,45.6,33.7
187,95,44.1,48.2,32.6
187,98,44.6,46.7,33.2
188,65,49.9,48.5,30.4
188,66,45.0,46.3,29.4
188,72,42.1,43.1,31.2
188,74,48.2,46.7,33.5
188,75,34.5,56.1,51.2
188,77,46.3,49.3,30.7
188,87,42.3,40.7,32.7
188,89,43.5,45.4,32.0
188,90,44.0,59.4,51.0
188,98,48.4,38.2,31.7
188,100,47.0,52.7,41.1
188,104,40.4,48.9,33.3
188,108,47.0,48.5,41.8
189,64,44.5,43.5,30.3
189,65,48.0,60.8,55.1
189,77,48.0,43.8,32.3
189,80,49.3,48.5,32.2
189,83,51.5,47.5,33.7
189,89,35.0,58.4,52.8
189,95,46.4,45.0,31.9
189,96,45.5,49.4,34.1
189,103,47.0,51.0,39.5
189,106,49.1,50.8,34.5
190,70,46.5,44.0,30.0
190,79,46.0,42.8,31.0
190,80,48.0,42.4,33.0
190,88,47.2,42.9,31.8
190,90,50.0,49.0,35.1
190,97,46.1,48.1,34.5
191,77,49.6,47.8,29.8
191,84,41.9,46.8,33.0
191,86,49.0,49.7,33.5
191,101,47.0,48.5,34.1
191,117,48.1,53.9,38.4
192,119,49.3,51.0,35.8
